"","oaall.Img","oaall.ImgID"
"1","CONSISTEST_T001_L001_2011.06.06_155541_001_CKB.jpg","1"
"2","CONSISTEST_T001_L002_2011.06.06_155541_001_CKB.jpg","2"
"3","CONSISTEST_T001_L003_2011.06.06_155541_001_CKB.jpg","3"
"4","CONSISTEST_T001_L004_2011.06.06_155541_001_CKB.jpg","4"
"5","CONSISTEST_T001_L005_2011.06.06_155541_001_CKB.jpg","5"
"6","CONSISTEST_T001_L006_2011.06.06_155541_001_CKB.jpg","6"
"7","CONSISTEST_T001_L007_2011.06.06_155541_001_CKB.jpg","7"
"8","CONSISTEST_T001_L008_2011.06.06_155541_001_CKB.jpg","8"
"9","CONSISTEST_T001_L009_2011.06.06_155541_001_CKB.jpg","9"
"10","CONSISTEST_T001_L010_2011.06.06_155541_001_CKB.jpg","10"
"11","CONSISTEST_T001_L011_2011.06.06_155541_001_CKB.jpg","11"
"12","CONSISTEST_T001_L012_2011.06.06_155541_001_CKB.jpg","12"
"13","CONSISTEST_T001_L013_2011.06.06_155541_001_CKB.jpg","13"
"14","CONSISTEST_T001_L014_2011.06.06_155541_001_CKB.jpg","14"
"15","CONSISTEST_T001_L015_2011.06.06_155541_001_CKB.jpg","15"
"16","CONSISTEST_T001_L016_2011.06.06_155541_001_CKB.jpg","16"
"17","CONSISTEST_T001_L017_2011.06.06_155541_001_CKB.jpg","17"
"18","CONSISTEST_T001_L018_2011.06.06_155541_001_CKB.jpg","5"
"19","CONSISTEST_T001_L019_2011.06.06_155541_001_CKB.jpg","19"
"20","CONSISTEST_T001_L020_2011.06.06_155541_001_CKB.jpg","20"
"21","CONSISTEST_T001_L021_2011.06.06_155541_001_CKB.jpg","21"
"22","CONSISTEST_T001_L022_2011.06.06_155541_001_CKB.jpg","22"
"23","CONSISTEST_T001_L023_2011.06.06_155541_001_CKB.jpg","23"
"24","CONSISTEST_T001_L024_2011.06.06_155541_001_CKB.jpg","24"
"25","CONSISTEST_T001_L025_2011.06.06_155541_001_CKB.jpg","25"
"26","CONSISTEST_T001_L026_2011.06.06_155541_001_CKB.jpg","26"
"27","CONSISTEST_T001_L027_2011.06.06_155541_001_CKB.jpg","27"
"28","CONSISTEST_T001_L028_2011.06.06_155541_001_CKB.jpg","28"
"29","CONSISTEST_T001_L029_2011.06.06_155541_001_CKB.jpg","29"
"30","CONSISTEST_T001_L030_2011.06.06_155541_001_CKB.jpg","30"
"31","CONSISTEST_T001_L031_2011.06.06_155541_001_CKB.jpg","31"
"32","CONSISTEST_T001_L032_2011.06.06_155541_001_CKB.jpg","32"
"33","CONSISTEST_T001_L033_2011.06.06_155541_001_CKB.jpg","33"
"34","CONSISTEST_T001_L034_2011.06.06_155541_001_CKB.jpg","12"
"35","CONSISTEST_T001_L035_2011.06.06_155541_001_CKB.jpg","35"
"36","CONSISTEST_T001_L036_2011.06.06_155541_001_CKB.jpg","36"
"37","CONSISTEST_T001_L037_2011.06.06_155541_001_CKB.jpg","37"
"38","CONSISTEST_T001_L038_2011.06.06_155541_001_CKB.jpg","38"
"39","CONSISTEST_T001_L039_2011.06.06_155541_001_CKB.jpg","39"
"40","CONSISTEST_T001_L040_2011.06.06_155541_001_CKB.jpg","40"
"41","CONSISTEST_T001_L041_2011.06.06_155541_001_CKB.jpg","41"
"42","CONSISTEST_T001_L042_2011.06.06_155541_001_CKB.jpg","29"
"43","CONSISTEST_T001_L043_2011.06.06_155541_001_CKB.jpg","43"
"44","CONSISTEST_T001_L044_2011.06.06_155541_001_CKB.jpg","28"
"45","CONSISTEST_T001_L045_2011.06.06_155541_001_CKB.jpg","45"
"46","CONSISTEST_T001_L046_2011.06.06_155541_001_CKB.jpg","46"
"47","CONSISTEST_T001_L047_2011.06.06_155541_001_CKB.jpg","47"
"48","CONSISTEST_T001_L048_2011.06.06_155541_001_CKB.jpg","48"
"49","CONSISTEST_T001_L049_2011.06.06_155541_001_CKB.jpg","49"
"50","CONSISTEST_T001_L050_2011.06.06_155541_001_CKB.jpg","40"
"51","CONSISTEST_T001_L051_2011.06.06_155541_001_CKB.jpg","51"
"52","CONSISTEST_T001_L052_2011.06.06_155541_001_CKB.jpg","52"
"53","CONSISTEST_T001_L053_2011.06.06_155541_001_CKB.jpg","53"
"54","CONSISTEST_T001_L054_2011.06.06_155541_001_CKB.jpg","54"
"55","CONSISTEST_T001_L055_2011.06.06_155541_001_CKB.jpg","55"
"56","CONSISTEST_T001_L056_2011.06.06_155541_001_CKB.jpg","56"
"57","CONSISTEST_T001_L057_2011.06.06_155541_001_CKB.jpg","8"
"58","CONSISTEST_T001_L058_2011.06.06_155541_001_CKB.jpg","58"
"59","CONSISTEST_T001_L059_2011.06.06_155541_001_CKB.jpg","8"
"60","CONSISTEST_T001_L060_2011.06.06_155541_001_CKB.jpg","60"
"61","CONSISTEST_T001_L061_2011.06.06_155541_001_CKB.jpg","5"
"62","CONSISTEST_T001_L062_2011.06.06_155541_001_CKB.jpg","62"
"63","CONSISTEST_T001_L063_2011.06.06_155541_001_CKB.jpg","63"
"64","CONSISTEST_T001_L064_2011.06.06_155541_001_CKB.jpg","64"
"65","CONSISTEST_T001_L065_2011.06.06_155541_001_CKB.jpg","55"
"66","CONSISTEST_T001_L066_2011.06.06_155541_001_CKB.jpg","66"
"67","CONSISTEST_T001_L067_2011.06.06_155541_001_CKB.jpg","10"
"68","CONSISTEST_T001_L068_2011.06.06_155541_001_CKB.jpg","68"
"69","CONSISTEST_T001_L069_2011.06.06_155541_001_CKB.jpg","69"
"70","CONSISTEST_T001_L070_2011.06.06_155541_001_CKB.jpg","12"
"71","CONSISTEST_T001_L071_2011.06.06_155541_001_CKB.jpg","71"
"72","CONSISTEST_T001_L072_2011.06.06_155541_001_CKB.jpg","72"
"73","CONSISTEST_T001_L073_2011.06.06_155541_001_CKB.jpg","73"
"74","CONSISTEST_T001_L074_2011.06.06_155541_001_CKB.jpg","74"
"75","CONSISTEST_T001_L075_2011.06.06_155541_001_CKB.jpg","75"
"76","CONSISTEST_T001_L076_2011.06.06_155541_001_CKB.jpg","76"
"77","CONSISTEST_T001_L077_2011.06.06_155541_001_CKB.jpg","77"
"78","CONSISTEST_T001_L078_2011.06.06_155541_001_CKB.jpg","78"
"79","CONSISTEST_T001_L079_2011.06.06_155541_001_CKB.jpg","79"
"80","CONSISTEST_T001_L080_2011.06.06_155541_001_CKB.jpg","80"
"81","CONSISTEST_T001_L081_2011.06.06_155541_001_CKB.jpg","74"
"82","CONSISTEST_T001_L082_2011.06.06_155541_001_CKB.jpg","82"
"83","CONSISTEST_T001_L083_2011.06.06_155541_001_CKB.jpg","83"
"84","CONSISTEST_T001_L084_2011.06.06_155541_001_CKB.jpg","84"
"85","CONSISTEST_T001_L085_2011.06.06_155541_001_CKB.jpg","85"
"86","CONSISTEST_T001_L086_2011.06.06_155541_001_CKB.jpg","86"
"87","CONSISTEST_T001_L087_2011.06.06_155541_001_CKB.jpg","36"
"88","CONSISTEST_T001_L088_2011.06.06_155541_001_CKB.jpg","88"
"89","CONSISTEST_T001_L089_2011.06.06_155541_001_CKB.jpg","89"
"90","CONSISTEST_T001_L090_2011.06.06_155541_001_CKB.jpg","43"
"91","CONSISTEST_T001_L091_2011.06.06_155541_001_CKB.jpg","91"
"92","CONSISTEST_T001_L092_2011.06.06_155541_001_CKB.jpg","92"
"93","CONSISTEST_T001_L093_2011.06.06_155541_001_CKB.jpg","93"
"94","CONSISTEST_T001_L094_2011.06.06_155541_001_CKB.jpg","94"
"95","CONSISTEST_T001_L095_2011.06.06_155541_001_CKB.jpg","95"
"96","CONSISTEST_T001_L096_2011.06.06_155541_001_CKB.jpg","28"
"97","CONSISTEST_T001_L097_2011.06.06_155541_001_CKB.jpg","55"
"98","CONSISTEST_T001_L098_2011.06.06_155541_001_CKB.jpg","36"
"99","CONSISTEST_T001_L099_2011.06.06_155541_001_CKB.jpg","29"
"100","CONSISTEST_T001_L100_2011.06.06_155541_001_CKB.jpg","100"
"101","CONSISTEST_T002_L001_2011.06.06_155541_001_CKB.jpg","101"
"102","CONSISTEST_T002_L002_2011.06.06_155541_001_CKB.jpg","102"
"103","CONSISTEST_T002_L003_2011.06.06_155541_001_CKB.jpg","103"
"104","CONSISTEST_T002_L004_2011.06.06_155541_001_CKB.jpg","104"
"105","CONSISTEST_T002_L005_2011.06.06_155541_001_CKB.jpg","105"
"106","CONSISTEST_T002_L006_2011.06.06_155541_001_CKB.jpg","92"
"107","CONSISTEST_T002_L007_2011.06.06_155541_001_CKB.jpg","10"
"108","CONSISTEST_T002_L008_2011.06.06_155541_001_CKB.jpg","108"
"109","CONSISTEST_T002_L009_2011.06.06_155541_001_CKB.jpg","109"
"110","CONSISTEST_T002_L010_2011.06.06_155541_001_CKB.jpg","110"
"111","CONSISTEST_T002_L011_2011.06.06_155541_001_CKB.jpg","111"
"112","CONSISTEST_T002_L012_2011.06.06_155541_001_CKB.jpg","74"
"113","CONSISTEST_T002_L013_2011.06.06_155541_001_CKB.jpg","113"
"114","CONSISTEST_T002_L014_2011.06.06_155541_001_CKB.jpg","114"
"115","CONSISTEST_T002_L015_2011.06.06_155541_001_CKB.jpg","92"
"116","CONSISTEST_T002_L016_2011.06.06_155541_001_CKB.jpg","116"
"117","CONSISTEST_T002_L017_2011.06.06_155541_001_CKB.jpg","117"
"118","CONSISTEST_T002_L018_2011.06.06_155541_001_CKB.jpg","118"
"119","CONSISTEST_T002_L019_2011.06.06_155541_001_CKB.jpg","40"
"120","CONSISTEST_T002_L020_2011.06.06_155541_001_CKB.jpg","120"
"121","CONSISTEST_T002_L021_2011.06.06_155541_001_CKB.jpg","121"
"122","CONSISTEST_T002_L022_2011.06.06_155541_001_CKB.jpg","122"
"123","CONSISTEST_T002_L023_2011.06.06_155541_001_CKB.jpg","123"
"124","CONSISTEST_T002_L024_2011.06.06_155541_001_CKB.jpg","43"
"125","CONSISTEST_T001_L001_2011.06.06_155541_001_CKB.jpg","1"
"126","CONSISTEST_T001_L002_2011.06.06_155541_001_CKB.jpg","2"
"127","CONSISTEST_T001_L003_2011.06.06_155541_001_CKB.jpg","3"
"128","CONSISTEST_T001_L004_2011.06.06_155541_001_CKB.jpg","4"
"129","CONSISTEST_T001_L005_2011.06.06_155541_001_CKB.jpg","5"
"130","CONSISTEST_T001_L006_2011.06.06_155541_001_CKB.jpg","6"
"131","CONSISTEST_T001_L007_2011.06.06_155541_001_CKB.jpg","7"
"132","CONSISTEST_T001_L008_2011.06.06_155541_001_CKB.jpg","8"
"133","CONSISTEST_T001_L009_2011.06.06_155541_001_CKB.jpg","9"
"134","CONSISTEST_T001_L010_2011.06.06_155541_001_CKB.jpg","10"
"135","CONSISTEST_T001_L011_2011.06.06_155541_001_CKB.jpg","11"
"136","CONSISTEST_T001_L012_2011.06.06_155541_001_CKB.jpg","12"
"137","CONSISTEST_T001_L013_2011.06.06_155541_001_CKB.jpg","13"
"138","CONSISTEST_T001_L014_2011.06.06_155541_001_CKB.jpg","14"
"139","CONSISTEST_T001_L015_2011.06.06_155541_001_CKB.jpg","15"
"140","CONSISTEST_T001_L016_2011.06.06_155541_001_CKB.jpg","16"
"141","CONSISTEST_T001_L017_2011.06.06_155541_001_CKB.jpg","17"
"142","CONSISTEST_T001_L018_2011.06.06_155541_001_CKB.jpg","5"
"143","CONSISTEST_T001_L019_2011.06.06_155541_001_CKB.jpg","19"
"144","CONSISTEST_T001_L020_2011.06.06_155541_001_CKB.jpg","20"
"145","CONSISTEST_T001_L021_2011.06.06_155541_001_CKB.jpg","21"
"146","CONSISTEST_T001_L022_2011.06.06_155541_001_CKB.jpg","22"
"147","CONSISTEST_T001_L023_2011.06.06_155541_001_CKB.jpg","23"
"148","CONSISTEST_T001_L024_2011.06.06_155541_001_CKB.jpg","24"
"149","CONSISTEST_T001_L025_2011.06.06_155541_001_CKB.jpg","25"
"150","CONSISTEST_T001_L026_2011.06.06_155541_001_CKB.jpg","26"
"151","CONSISTEST_T001_L027_2011.06.06_155541_001_CKB.jpg","27"
"152","CONSISTEST_T001_L028_2011.06.06_155541_001_CKB.jpg","28"
"153","CONSISTEST_T001_L029_2011.06.06_155541_001_CKB.jpg","29"
"154","CONSISTEST_T001_L030_2011.06.06_155541_001_CKB.jpg","30"
"155","CONSISTEST_T001_L031_2011.06.06_155541_001_CKB.jpg","31"
"156","CONSISTEST_T001_L032_2011.06.06_155541_001_CKB.jpg","32"
"157","CONSISTEST_T001_L033_2011.06.06_155541_001_CKB.jpg","33"
"158","CONSISTEST_T001_L034_2011.06.06_155541_001_CKB.jpg","12"
"159","CONSISTEST_T001_L035_2011.06.06_155541_001_CKB.jpg","35"
"160","CONSISTEST_T001_L036_2011.06.06_155541_001_CKB.jpg","36"
"161","CONSISTEST_T001_L037_2011.06.06_155541_001_CKB.jpg","37"
"162","CONSISTEST_T001_L038_2011.06.06_155541_001_CKB.jpg","38"
"163","CONSISTEST_T001_L039_2011.06.06_155541_001_CKB.jpg","39"
"164","CONSISTEST_T001_L040_2011.06.06_155541_001_CKB.jpg","40"
"165","CONSISTEST_T001_L041_2011.06.06_155541_001_CKB.jpg","41"
"166","CONSISTEST_T001_L042_2011.06.06_155541_001_CKB.jpg","29"
"167","CONSISTEST_T001_L043_2011.06.06_155541_001_CKB.jpg","43"
"168","CONSISTEST_T001_L044_2011.06.06_155541_001_CKB.jpg","28"
"169","CONSISTEST_T001_L045_2011.06.06_155541_001_CKB.jpg","45"
"170","CONSISTEST_T001_L046_2011.06.06_155541_001_CKB.jpg","46"
"171","CONSISTEST_T001_L047_2011.06.06_155541_001_CKB.jpg","47"
"172","CONSISTEST_T001_L048_2011.06.06_155541_001_CKB.jpg","48"
"173","CONSISTEST_T001_L049_2011.06.06_155541_001_CKB.jpg","49"
"174","CONSISTEST_T001_L050_2011.06.06_155541_001_CKB.jpg","40"
"175","CONSISTEST_T001_L051_2011.06.06_155541_001_CKB.jpg","51"
"176","CONSISTEST_T001_L052_2011.06.06_155541_001_CKB.jpg","52"
"177","CONSISTEST_T001_L053_2011.06.06_155541_001_CKB.jpg","53"
"178","CONSISTEST_T001_L054_2011.06.06_155541_001_CKB.jpg","54"
"179","CONSISTEST_T001_L055_2011.06.06_155541_001_CKB.jpg","55"
"180","CONSISTEST_T001_L056_2011.06.06_155541_001_CKB.jpg","56"
"181","CONSISTEST_T001_L057_2011.06.06_155541_001_CKB.jpg","8"
"182","CONSISTEST_T001_L058_2011.06.06_155541_001_CKB.jpg","58"
"183","CONSISTEST_T001_L059_2011.06.06_155541_001_CKB.jpg","8"
"184","CONSISTEST_T001_L060_2011.06.06_155541_001_CKB.jpg","60"
"185","CONSISTEST_T001_L061_2011.06.06_155541_001_CKB.jpg","5"
"186","CONSISTEST_T001_L062_2011.06.06_155541_001_CKB.jpg","62"
"187","CONSISTEST_T001_L063_2011.06.06_155541_001_CKB.jpg","63"
"188","CONSISTEST_T001_L064_2011.06.06_155541_001_CKB.jpg","64"
"189","CONSISTEST_T001_L065_2011.06.06_155541_001_CKB.jpg","55"
"190","CONSISTEST_T001_L066_2011.06.06_155541_001_CKB.jpg","66"
"191","CONSISTEST_T001_L067_2011.06.06_155541_001_CKB.jpg","10"
"192","CONSISTEST_T001_L068_2011.06.06_155541_001_CKB.jpg","68"
"193","CONSISTEST_T001_L069_2011.06.06_155541_001_CKB.jpg","69"
"194","CONSISTEST_T001_L070_2011.06.06_155541_001_CKB.jpg","12"
"195","CONSISTEST_T001_L071_2011.06.06_155541_001_CKB.jpg","71"
"196","CONSISTEST_T001_L072_2011.06.06_155541_001_CKB.jpg","72"
"197","CONSISTEST_T001_L073_2011.06.06_155541_001_CKB.jpg","73"
"198","CONSISTEST_T001_L074_2011.06.06_155541_001_CKB.jpg","74"
"199","CONSISTEST_T001_L075_2011.06.06_155541_001_CKB.jpg","75"
"200","CONSISTEST_T001_L076_2011.06.06_155541_001_CKB.jpg","76"
"201","CONSISTEST_T001_L077_2011.06.06_155541_001_CKB.jpg","77"
"202","CONSISTEST_T001_L078_2011.06.06_155541_001_CKB.jpg","78"
"203","CONSISTEST_T001_L079_2011.06.06_155541_001_CKB.jpg","79"
"204","CONSISTEST_T001_L080_2011.06.06_155541_001_CKB.jpg","80"
"205","CONSISTEST_T001_L081_2011.06.06_155541_001_CKB.jpg","74"
"206","CONSISTEST_T001_L082_2011.06.06_155541_001_CKB.jpg","82"
"207","CONSISTEST_T001_L083_2011.06.06_155541_001_CKB.jpg","83"
"208","CONSISTEST_T001_L084_2011.06.06_155541_001_CKB.jpg","84"
"209","CONSISTEST_T001_L085_2011.06.06_155541_001_CKB.jpg","85"
"210","CONSISTEST_T001_L086_2011.06.06_155541_001_CKB.jpg","86"
"211","CONSISTEST_T001_L087_2011.06.06_155541_001_CKB.jpg","36"
"212","CONSISTEST_T001_L088_2011.06.06_155541_001_CKB.jpg","88"
"213","CONSISTEST_T001_L089_2011.06.06_155541_001_CKB.jpg","89"
"214","CONSISTEST_T001_L090_2011.06.06_155541_001_CKB.jpg","43"
"215","CONSISTEST_T001_L091_2011.06.06_155541_001_CKB.jpg","91"
"216","CONSISTEST_T001_L092_2011.06.06_155541_001_CKB.jpg","92"
"217","CONSISTEST_T001_L093_2011.06.06_155541_001_CKB.jpg","93"
"218","CONSISTEST_T001_L094_2011.06.06_155541_001_CKB.jpg","94"
"219","CONSISTEST_T001_L095_2011.06.06_155541_001_CKB.jpg","95"
"220","CONSISTEST_T001_L096_2011.06.06_155541_001_CKB.jpg","28"
"221","CONSISTEST_T001_L097_2011.06.06_155541_001_CKB.jpg","55"
"222","CONSISTEST_T001_L098_2011.06.06_155541_001_CKB.jpg","36"
"223","CONSISTEST_T001_L099_2011.06.06_155541_001_CKB.jpg","29"
"224","CONSISTEST_T001_L100_2011.06.06_155541_001_CKB.jpg","100"
"225","CONSISTEST_T002_L001_2011.06.06_155541_001_CKB.jpg","101"
"226","CONSISTEST_T002_L002_2011.06.06_155541_001_CKB.jpg","102"
"227","CONSISTEST_T002_L003_2011.06.06_155541_001_CKB.jpg","103"
"228","CONSISTEST_T002_L004_2011.06.06_155541_001_CKB.jpg","104"
"229","CONSISTEST_T002_L005_2011.06.06_155541_001_CKB.jpg","105"
"230","CONSISTEST_T002_L006_2011.06.06_155541_001_CKB.jpg","92"
"231","CONSISTEST_T002_L007_2011.06.06_155541_001_CKB.jpg","10"
"232","CONSISTEST_T002_L008_2011.06.06_155541_001_CKB.jpg","108"
"233","CONSISTEST_T002_L009_2011.06.06_155541_001_CKB.jpg","109"
"234","CONSISTEST_T002_L010_2011.06.06_155541_001_CKB.jpg","110"
"235","CONSISTEST_T002_L011_2011.06.06_155541_001_CKB.jpg","111"
"236","CONSISTEST_T002_L012_2011.06.06_155541_001_CKB.jpg","74"
"237","CONSISTEST_T002_L013_2011.06.06_155541_001_CKB.jpg","113"
"238","CONSISTEST_T002_L014_2011.06.06_155541_001_CKB.jpg","114"
"239","CONSISTEST_T002_L015_2011.06.06_155541_001_CKB.jpg","92"
"240","CONSISTEST_T002_L016_2011.06.06_155541_001_CKB.jpg","116"
"241","CONSISTEST_T002_L017_2011.06.06_155541_001_CKB.jpg","117"
"242","CONSISTEST_T002_L018_2011.06.06_155541_001_CKB.jpg","118"
"243","CONSISTEST_T002_L019_2011.06.06_155541_001_CKB.jpg","40"
"244","CONSISTEST_T002_L020_2011.06.06_155541_001_CKB.jpg","120"
"245","CONSISTEST_T002_L021_2011.06.06_155541_001_CKB.jpg","121"
"246","CONSISTEST_T002_L022_2011.06.06_155541_001_CKB.jpg","122"
"247","CONSISTEST_T002_L023_2011.06.06_155541_001_CKB.jpg","123"
"248","CONSISTEST_T002_L024_2011.06.06_155541_001_CKB.jpg","43"
"249","CONSISTEST_T001_L001_2011.06.06_155541_001_CKB.jpg","1"
"250","CONSISTEST_T001_L002_2011.06.06_155541_001_CKB.jpg","2"
"251","CONSISTEST_T001_L003_2011.06.06_155541_001_CKB.jpg","3"
"252","CONSISTEST_T001_L004_2011.06.06_155541_001_CKB.jpg","4"
"253","CONSISTEST_T001_L005_2011.06.06_155541_001_CKB.jpg","5"
"254","CONSISTEST_T001_L006_2011.06.06_155541_001_CKB.jpg","6"
"255","CONSISTEST_T001_L007_2011.06.06_155541_001_CKB.jpg","7"
"256","CONSISTEST_T001_L008_2011.06.06_155541_001_CKB.jpg","8"
"257","CONSISTEST_T001_L009_2011.06.06_155541_001_CKB.jpg","9"
"258","CONSISTEST_T001_L010_2011.06.06_155541_001_CKB.jpg","10"
"259","CONSISTEST_T001_L011_2011.06.06_155541_001_CKB.jpg","11"
"260","CONSISTEST_T001_L012_2011.06.06_155541_001_CKB.jpg","12"
"261","CONSISTEST_T001_L013_2011.06.06_155541_001_CKB.jpg","13"
"262","CONSISTEST_T001_L014_2011.06.06_155541_001_CKB.jpg","14"
"263","CONSISTEST_T001_L015_2011.06.06_155541_001_CKB.jpg","15"
"264","CONSISTEST_T001_L016_2011.06.06_155541_001_CKB.jpg","16"
"265","CONSISTEST_T001_L017_2011.06.06_155541_001_CKB.jpg","17"
"266","CONSISTEST_T001_L018_2011.06.06_155541_001_CKB.jpg","5"
"267","CONSISTEST_T001_L019_2011.06.06_155541_001_CKB.jpg","19"
"268","CONSISTEST_T001_L020_2011.06.06_155541_001_CKB.jpg","20"
"269","CONSISTEST_T001_L021_2011.06.06_155541_001_CKB.jpg","21"
"270","CONSISTEST_T001_L022_2011.06.06_155541_001_CKB.jpg","22"
"271","CONSISTEST_T001_L023_2011.06.06_155541_001_CKB.jpg","23"
"272","CONSISTEST_T001_L024_2011.06.06_155541_001_CKB.jpg","24"
"273","CONSISTEST_T001_L025_2011.06.06_155541_001_CKB.jpg","25"
"274","CONSISTEST_T001_L026_2011.06.06_155541_001_CKB.jpg","26"
"275","CONSISTEST_T001_L027_2011.06.06_155541_001_CKB.jpg","27"
"276","CONSISTEST_T001_L028_2011.06.06_155541_001_CKB.jpg","28"
"277","CONSISTEST_T001_L029_2011.06.06_155541_001_CKB.jpg","29"
"278","CONSISTEST_T001_L030_2011.06.06_155541_001_CKB.jpg","30"
"279","CONSISTEST_T001_L031_2011.06.06_155541_001_CKB.jpg","31"
"280","CONSISTEST_T001_L032_2011.06.06_155541_001_CKB.jpg","32"
"281","CONSISTEST_T001_L033_2011.06.06_155541_001_CKB.jpg","33"
"282","CONSISTEST_T001_L034_2011.06.06_155541_001_CKB.jpg","12"
"283","CONSISTEST_T001_L035_2011.06.06_155541_001_CKB.jpg","35"
"284","CONSISTEST_T001_L036_2011.06.06_155541_001_CKB.jpg","36"
"285","CONSISTEST_T001_L037_2011.06.06_155541_001_CKB.jpg","37"
"286","CONSISTEST_T001_L038_2011.06.06_155541_001_CKB.jpg","38"
"287","CONSISTEST_T001_L039_2011.06.06_155541_001_CKB.jpg","39"
"288","CONSISTEST_T001_L040_2011.06.06_155541_001_CKB.jpg","40"
"289","CONSISTEST_T001_L041_2011.06.06_155541_001_CKB.jpg","41"
"290","CONSISTEST_T001_L042_2011.06.06_155541_001_CKB.jpg","29"
"291","CONSISTEST_T001_L043_2011.06.06_155541_001_CKB.jpg","43"
"292","CONSISTEST_T001_L044_2011.06.06_155541_001_CKB.jpg","28"
"293","CONSISTEST_T001_L045_2011.06.06_155541_001_CKB.jpg","45"
"294","CONSISTEST_T001_L046_2011.06.06_155541_001_CKB.jpg","46"
"295","CONSISTEST_T001_L047_2011.06.06_155541_001_CKB.jpg","47"
"296","CONSISTEST_T001_L048_2011.06.06_155541_001_CKB.jpg","48"
"297","CONSISTEST_T001_L049_2011.06.06_155541_001_CKB.jpg","49"
"298","CONSISTEST_T001_L050_2011.06.06_155541_001_CKB.jpg","40"
"299","CONSISTEST_T001_L051_2011.06.06_155541_001_CKB.jpg","51"
"300","CONSISTEST_T001_L052_2011.06.06_155541_001_CKB.jpg","52"
"301","CONSISTEST_T001_L053_2011.06.06_155541_001_CKB.jpg","53"
"302","CONSISTEST_T001_L054_2011.06.06_155541_001_CKB.jpg","54"
"303","CONSISTEST_T001_L055_2011.06.06_155541_001_CKB.jpg","55"
"304","CONSISTEST_T001_L056_2011.06.06_155541_001_CKB.jpg","56"
"305","CONSISTEST_T001_L057_2011.06.06_155541_001_CKB.jpg","8"
"306","CONSISTEST_T001_L058_2011.06.06_155541_001_CKB.jpg","58"
"307","CONSISTEST_T001_L059_2011.06.06_155541_001_CKB.jpg","8"
"308","CONSISTEST_T001_L060_2011.06.06_155541_001_CKB.jpg","60"
"309","CONSISTEST_T001_L061_2011.06.06_155541_001_CKB.jpg","5"
"310","CONSISTEST_T001_L062_2011.06.06_155541_001_CKB.jpg","62"
"311","CONSISTEST_T001_L063_2011.06.06_155541_001_CKB.jpg","63"
"312","CONSISTEST_T001_L064_2011.06.06_155541_001_CKB.jpg","64"
"313","CONSISTEST_T001_L065_2011.06.06_155541_001_CKB.jpg","55"
"314","CONSISTEST_T001_L066_2011.06.06_155541_001_CKB.jpg","66"
"315","CONSISTEST_T001_L067_2011.06.06_155541_001_CKB.jpg","10"
"316","CONSISTEST_T001_L068_2011.06.06_155541_001_CKB.jpg","68"
"317","CONSISTEST_T001_L069_2011.06.06_155541_001_CKB.jpg","69"
"318","CONSISTEST_T001_L070_2011.06.06_155541_001_CKB.jpg","12"
"319","CONSISTEST_T001_L071_2011.06.06_155541_001_CKB.jpg","71"
"320","CONSISTEST_T001_L072_2011.06.06_155541_001_CKB.jpg","72"
"321","CONSISTEST_T001_L073_2011.06.06_155541_001_CKB.jpg","73"
"322","CONSISTEST_T001_L074_2011.06.06_155541_001_CKB.jpg","74"
"323","CONSISTEST_T001_L075_2011.06.06_155541_001_CKB.jpg","75"
"324","CONSISTEST_T001_L076_2011.06.06_155541_001_CKB.jpg","76"
"325","CONSISTEST_T001_L077_2011.06.06_155541_001_CKB.jpg","77"
"326","CONSISTEST_T001_L078_2011.06.06_155541_001_CKB.jpg","78"
"327","CONSISTEST_T001_L079_2011.06.06_155541_001_CKB.jpg","79"
"328","CONSISTEST_T001_L080_2011.06.06_155541_001_CKB.jpg","80"
"329","CONSISTEST_T001_L081_2011.06.06_155541_001_CKB.jpg","74"
"330","CONSISTEST_T001_L082_2011.06.06_155541_001_CKB.jpg","82"
"331","CONSISTEST_T001_L083_2011.06.06_155541_001_CKB.jpg","83"
"332","CONSISTEST_T001_L084_2011.06.06_155541_001_CKB.jpg","84"
"333","CONSISTEST_T001_L085_2011.06.06_155541_001_CKB.jpg","85"
"334","CONSISTEST_T001_L086_2011.06.06_155541_001_CKB.jpg","86"
"335","CONSISTEST_T001_L087_2011.06.06_155541_001_CKB.jpg","36"
"336","CONSISTEST_T001_L088_2011.06.06_155541_001_CKB.jpg","88"
"337","CONSISTEST_T001_L089_2011.06.06_155541_001_CKB.jpg","89"
"338","CONSISTEST_T001_L090_2011.06.06_155541_001_CKB.jpg","43"
"339","CONSISTEST_T001_L091_2011.06.06_155541_001_CKB.jpg","91"
"340","CONSISTEST_T001_L092_2011.06.06_155541_001_CKB.jpg","92"
"341","CONSISTEST_T001_L093_2011.06.06_155541_001_CKB.jpg","93"
"342","CONSISTEST_T001_L094_2011.06.06_155541_001_CKB.jpg","94"
"343","CONSISTEST_T001_L095_2011.06.06_155541_001_CKB.jpg","95"
"344","CONSISTEST_T001_L096_2011.06.06_155541_001_CKB.jpg","28"
"345","CONSISTEST_T001_L097_2011.06.06_155541_001_CKB.jpg","55"
"346","CONSISTEST_T001_L098_2011.06.06_155541_001_CKB.jpg","36"
"347","CONSISTEST_T001_L099_2011.06.06_155541_001_CKB.jpg","29"
"348","CONSISTEST_T001_L100_2011.06.06_155541_001_CKB.jpg","100"
"349","CONSISTEST_T002_L001_2011.06.06_155541_001_CKB.jpg","101"
"350","CONSISTEST_T002_L002_2011.06.06_155541_001_CKB.jpg","102"
"351","CONSISTEST_T002_L003_2011.06.06_155541_001_CKB.jpg","103"
"352","CONSISTEST_T002_L004_2011.06.06_155541_001_CKB.jpg","104"
"353","CONSISTEST_T002_L005_2011.06.06_155541_001_CKB.jpg","105"
"354","CONSISTEST_T002_L006_2011.06.06_155541_001_CKB.jpg","92"
"355","CONSISTEST_T002_L007_2011.06.06_155541_001_CKB.jpg","10"
"356","CONSISTEST_T002_L008_2011.06.06_155541_001_CKB.jpg","108"
"357","CONSISTEST_T002_L009_2011.06.06_155541_001_CKB.jpg","109"
"358","CONSISTEST_T002_L010_2011.06.06_155541_001_CKB.jpg","110"
"359","CONSISTEST_T002_L011_2011.06.06_155541_001_CKB.jpg","111"
"360","CONSISTEST_T002_L012_2011.06.06_155541_001_CKB.jpg","74"
"361","CONSISTEST_T002_L013_2011.06.06_155541_001_CKB.jpg","113"
"362","CONSISTEST_T002_L014_2011.06.06_155541_001_CKB.jpg","114"
"363","CONSISTEST_T002_L015_2011.06.06_155541_001_CKB.jpg","92"
"364","CONSISTEST_T002_L016_2011.06.06_155541_001_CKB.jpg","116"
"365","CONSISTEST_T002_L017_2011.06.06_155541_001_CKB.jpg","117"
"366","CONSISTEST_T002_L018_2011.06.06_155541_001_CKB.jpg","118"
"367","CONSISTEST_T002_L019_2011.06.06_155541_001_CKB.jpg","40"
"368","CONSISTEST_T002_L020_2011.06.06_155541_001_CKB.jpg","120"
"369","CONSISTEST_T002_L021_2011.06.06_155541_001_CKB.jpg","121"
"370","CONSISTEST_T002_L022_2011.06.06_155541_001_CKB.jpg","122"
"371","CONSISTEST_T002_L023_2011.06.06_155541_001_CKB.jpg","123"
"372","CONSISTEST_T002_L024_2011.06.06_155541_001_CKB.jpg","43"
"373","CONSISTEST_T001_L001_2011.06.06_155541_001_CKB.jpg","1"
"374","CONSISTEST_T001_L002_2011.06.06_155541_001_CKB.jpg","2"
"375","CONSISTEST_T001_L003_2011.06.06_155541_001_CKB.jpg","3"
"376","CONSISTEST_T001_L004_2011.06.06_155541_001_CKB.jpg","4"
"377","CONSISTEST_T001_L005_2011.06.06_155541_001_CKB.jpg","5"
"378","CONSISTEST_T001_L006_2011.06.06_155541_001_CKB.jpg","6"
"379","CONSISTEST_T001_L007_2011.06.06_155541_001_CKB.jpg","7"
"380","CONSISTEST_T001_L008_2011.06.06_155541_001_CKB.jpg","8"
"381","CONSISTEST_T001_L009_2011.06.06_155541_001_CKB.jpg","9"
"382","CONSISTEST_T001_L010_2011.06.06_155541_001_CKB.jpg","10"
"383","CONSISTEST_T001_L011_2011.06.06_155541_001_CKB.jpg","11"
"384","CONSISTEST_T001_L012_2011.06.06_155541_001_CKB.jpg","12"
"385","CONSISTEST_T001_L013_2011.06.06_155541_001_CKB.jpg","13"
"386","CONSISTEST_T001_L014_2011.06.06_155541_001_CKB.jpg","14"
"387","CONSISTEST_T001_L015_2011.06.06_155541_001_CKB.jpg","15"
"388","CONSISTEST_T001_L016_2011.06.06_155541_001_CKB.jpg","16"
"389","CONSISTEST_T001_L017_2011.06.06_155541_001_CKB.jpg","17"
"390","CONSISTEST_T001_L018_2011.06.06_155541_001_CKB.jpg","5"
"391","CONSISTEST_T001_L019_2011.06.06_155541_001_CKB.jpg","19"
"392","CONSISTEST_T001_L020_2011.06.06_155541_001_CKB.jpg","20"
"393","CONSISTEST_T001_L021_2011.06.06_155541_001_CKB.jpg","21"
"394","CONSISTEST_T001_L022_2011.06.06_155541_001_CKB.jpg","22"
"395","CONSISTEST_T001_L023_2011.06.06_155541_001_CKB.jpg","23"
"396","CONSISTEST_T001_L024_2011.06.06_155541_001_CKB.jpg","24"
"397","CONSISTEST_T001_L025_2011.06.06_155541_001_CKB.jpg","25"
"398","CONSISTEST_T001_L026_2011.06.06_155541_001_CKB.jpg","26"
"399","CONSISTEST_T001_L027_2011.06.06_155541_001_CKB.jpg","27"
"400","CONSISTEST_T001_L028_2011.06.06_155541_001_CKB.jpg","28"
"401","CONSISTEST_T001_L029_2011.06.06_155541_001_CKB.jpg","29"
"402","CONSISTEST_T001_L030_2011.06.06_155541_001_CKB.jpg","30"
"403","CONSISTEST_T001_L031_2011.06.06_155541_001_CKB.jpg","31"
"404","CONSISTEST_T001_L032_2011.06.06_155541_001_CKB.jpg","32"
"405","CONSISTEST_T001_L033_2011.06.06_155541_001_CKB.jpg","33"
"406","CONSISTEST_T001_L034_2011.06.06_155541_001_CKB.jpg","12"
"407","CONSISTEST_T001_L035_2011.06.06_155541_001_CKB.jpg","35"
"408","CONSISTEST_T001_L036_2011.06.06_155541_001_CKB.jpg","36"
"409","CONSISTEST_T001_L037_2011.06.06_155541_001_CKB.jpg","37"
"410","CONSISTEST_T001_L038_2011.06.06_155541_001_CKB.jpg","38"
"411","CONSISTEST_T001_L039_2011.06.06_155541_001_CKB.jpg","39"
"412","CONSISTEST_T001_L040_2011.06.06_155541_001_CKB.jpg","40"
"413","CONSISTEST_T001_L041_2011.06.06_155541_001_CKB.jpg","41"
"414","CONSISTEST_T001_L042_2011.06.06_155541_001_CKB.jpg","29"
"415","CONSISTEST_T001_L043_2011.06.06_155541_001_CKB.jpg","43"
"416","CONSISTEST_T001_L044_2011.06.06_155541_001_CKB.jpg","28"
"417","CONSISTEST_T001_L045_2011.06.06_155541_001_CKB.jpg","45"
"418","CONSISTEST_T001_L046_2011.06.06_155541_001_CKB.jpg","46"
"419","CONSISTEST_T001_L047_2011.06.06_155541_001_CKB.jpg","47"
"420","CONSISTEST_T001_L048_2011.06.06_155541_001_CKB.jpg","48"
"421","CONSISTEST_T001_L049_2011.06.06_155541_001_CKB.jpg","49"
"422","CONSISTEST_T001_L050_2011.06.06_155541_001_CKB.jpg","40"
"423","CONSISTEST_T001_L051_2011.06.06_155541_001_CKB.jpg","51"
"424","CONSISTEST_T001_L052_2011.06.06_155541_001_CKB.jpg","52"
"425","CONSISTEST_T001_L053_2011.06.06_155541_001_CKB.jpg","53"
"426","CONSISTEST_T001_L054_2011.06.06_155541_001_CKB.jpg","54"
"427","CONSISTEST_T001_L055_2011.06.06_155541_001_CKB.jpg","55"
"428","CONSISTEST_T001_L056_2011.06.06_155541_001_CKB.jpg","56"
"429","CONSISTEST_T001_L057_2011.06.06_155541_001_CKB.jpg","8"
"430","CONSISTEST_T001_L058_2011.06.06_155541_001_CKB.jpg","58"
"431","CONSISTEST_T001_L059_2011.06.06_155541_001_CKB.jpg","8"
"432","CONSISTEST_T001_L060_2011.06.06_155541_001_CKB.jpg","60"
"433","CONSISTEST_T001_L061_2011.06.06_155541_001_CKB.jpg","5"
"434","CONSISTEST_T001_L062_2011.06.06_155541_001_CKB.jpg","62"
"435","CONSISTEST_T001_L063_2011.06.06_155541_001_CKB.jpg","63"
"436","CONSISTEST_T001_L064_2011.06.06_155541_001_CKB.jpg","64"
"437","CONSISTEST_T001_L065_2011.06.06_155541_001_CKB.jpg","55"
"438","CONSISTEST_T001_L066_2011.06.06_155541_001_CKB.jpg","66"
"439","CONSISTEST_T001_L067_2011.06.06_155541_001_CKB.jpg","10"
"440","CONSISTEST_T001_L068_2011.06.06_155541_001_CKB.jpg","68"
"441","CONSISTEST_T001_L069_2011.06.06_155541_001_CKB.jpg","69"
"442","CONSISTEST_T001_L070_2011.06.06_155541_001_CKB.jpg","12"
"443","CONSISTEST_T001_L071_2011.06.06_155541_001_CKB.jpg","71"
"444","CONSISTEST_T001_L072_2011.06.06_155541_001_CKB.jpg","72"
"445","CONSISTEST_T001_L073_2011.06.06_155541_001_CKB.jpg","73"
"446","CONSISTEST_T001_L074_2011.06.06_155541_001_CKB.jpg","74"
"447","CONSISTEST_T001_L075_2011.06.06_155541_001_CKB.jpg","75"
"448","CONSISTEST_T001_L076_2011.06.06_155541_001_CKB.jpg","76"
"449","CONSISTEST_T001_L077_2011.06.06_155541_001_CKB.jpg","77"
"450","CONSISTEST_T001_L078_2011.06.06_155541_001_CKB.jpg","78"
"451","CONSISTEST_T001_L079_2011.06.06_155541_001_CKB.jpg","79"
"452","CONSISTEST_T001_L080_2011.06.06_155541_001_CKB.jpg","80"
"453","CONSISTEST_T001_L081_2011.06.06_155541_001_CKB.jpg","74"
"454","CONSISTEST_T001_L082_2011.06.06_155541_001_CKB.jpg","82"
"455","CONSISTEST_T001_L083_2011.06.06_155541_001_CKB.jpg","83"
"456","CONSISTEST_T001_L084_2011.06.06_155541_001_CKB.jpg","84"
"457","CONSISTEST_T001_L085_2011.06.06_155541_001_CKB.jpg","85"
"458","CONSISTEST_T001_L086_2011.06.06_155541_001_CKB.jpg","86"
"459","CONSISTEST_T001_L087_2011.06.06_155541_001_CKB.jpg","36"
"460","CONSISTEST_T001_L088_2011.06.06_155541_001_CKB.jpg","88"
"461","CONSISTEST_T001_L089_2011.06.06_155541_001_CKB.jpg","89"
"462","CONSISTEST_T001_L090_2011.06.06_155541_001_CKB.jpg","43"
"463","CONSISTEST_T001_L091_2011.06.06_155541_001_CKB.jpg","91"
"464","CONSISTEST_T001_L092_2011.06.06_155541_001_CKB.jpg","92"
"465","CONSISTEST_T001_L093_2011.06.06_155541_001_CKB.jpg","93"
"466","CONSISTEST_T001_L094_2011.06.06_155541_001_CKB.jpg","94"
"467","CONSISTEST_T001_L095_2011.06.06_155541_001_CKB.jpg","95"
"468","CONSISTEST_T001_L096_2011.06.06_155541_001_CKB.jpg","28"
"469","CONSISTEST_T001_L097_2011.06.06_155541_001_CKB.jpg","55"
"470","CONSISTEST_T001_L098_2011.06.06_155541_001_CKB.jpg","36"
"471","CONSISTEST_T001_L099_2011.06.06_155541_001_CKB.jpg","29"
"472","CONSISTEST_T001_L100_2011.06.06_155541_001_CKB.jpg","100"
"473","CONSISTEST_T002_L001_2011.06.06_155541_001_CKB.jpg","101"
"474","CONSISTEST_T002_L002_2011.06.06_155541_001_CKB.jpg","102"
"475","CONSISTEST_T002_L003_2011.06.06_155541_001_CKB.jpg","103"
"476","CONSISTEST_T002_L004_2011.06.06_155541_001_CKB.jpg","104"
"477","CONSISTEST_T002_L005_2011.06.06_155541_001_CKB.jpg","105"
"478","CONSISTEST_T002_L006_2011.06.06_155541_001_CKB.jpg","92"
"479","CONSISTEST_T002_L007_2011.06.06_155541_001_CKB.jpg","10"
"480","CONSISTEST_T002_L008_2011.06.06_155541_001_CKB.jpg","108"
"481","CONSISTEST_T002_L009_2011.06.06_155541_001_CKB.jpg","109"
"482","CONSISTEST_T002_L010_2011.06.06_155541_001_CKB.jpg","110"
"483","CONSISTEST_T002_L011_2011.06.06_155541_001_CKB.jpg","111"
"484","CONSISTEST_T002_L012_2011.06.06_155541_001_CKB.jpg","74"
"485","CONSISTEST_T002_L013_2011.06.06_155541_001_CKB.jpg","113"
"486","CONSISTEST_T002_L014_2011.06.06_155541_001_CKB.jpg","114"
"487","CONSISTEST_T002_L015_2011.06.06_155541_001_CKB.jpg","92"
"488","CONSISTEST_T002_L016_2011.06.06_155541_001_CKB.jpg","116"
"489","CONSISTEST_T002_L017_2011.06.06_155541_001_CKB.jpg","117"
"490","CONSISTEST_T002_L018_2011.06.06_155541_001_CKB.jpg","118"
"491","CONSISTEST_T002_L019_2011.06.06_155541_001_CKB.jpg","40"
"492","CONSISTEST_T002_L020_2011.06.06_155541_001_CKB.jpg","120"
"493","CONSISTEST_T002_L021_2011.06.06_155541_001_CKB.jpg","121"
"494","CONSISTEST_T002_L022_2011.06.06_155541_001_CKB.jpg","122"
"495","CONSISTEST_T002_L023_2011.06.06_155541_001_CKB.jpg","123"
"496","CONSISTEST_T002_L024_2011.06.06_155541_001_CKB.jpg","43"
"497","CONSISTEST_T001_L001_2011.06.06_155541_001_CKB.jpg","1"
"498","CONSISTEST_T001_L002_2011.06.06_155541_001_CKB.jpg","2"
"499","CONSISTEST_T001_L003_2011.06.06_155541_001_CKB.jpg","3"
"500","CONSISTEST_T001_L004_2011.06.06_155541_001_CKB.jpg","4"
"501","CONSISTEST_T001_L005_2011.06.06_155541_001_CKB.jpg","5"
"502","CONSISTEST_T001_L006_2011.06.06_155541_001_CKB.jpg","6"
"503","CONSISTEST_T001_L007_2011.06.06_155541_001_CKB.jpg","7"
"504","CONSISTEST_T001_L008_2011.06.06_155541_001_CKB.jpg","8"
"505","CONSISTEST_T001_L009_2011.06.06_155541_001_CKB.jpg","9"
"506","CONSISTEST_T001_L010_2011.06.06_155541_001_CKB.jpg","10"
"507","CONSISTEST_T001_L011_2011.06.06_155541_001_CKB.jpg","11"
"508","CONSISTEST_T001_L012_2011.06.06_155541_001_CKB.jpg","12"
"509","CONSISTEST_T001_L013_2011.06.06_155541_001_CKB.jpg","13"
"510","CONSISTEST_T001_L014_2011.06.06_155541_001_CKB.jpg","14"
"511","CONSISTEST_T001_L015_2011.06.06_155541_001_CKB.jpg","15"
"512","CONSISTEST_T001_L016_2011.06.06_155541_001_CKB.jpg","16"
"513","CONSISTEST_T001_L017_2011.06.06_155541_001_CKB.jpg","17"
"514","CONSISTEST_T001_L018_2011.06.06_155541_001_CKB.jpg","5"
"515","CONSISTEST_T001_L019_2011.06.06_155541_001_CKB.jpg","19"
"516","CONSISTEST_T001_L020_2011.06.06_155541_001_CKB.jpg","20"
"517","CONSISTEST_T001_L021_2011.06.06_155541_001_CKB.jpg","21"
"518","CONSISTEST_T001_L022_2011.06.06_155541_001_CKB.jpg","22"
"519","CONSISTEST_T001_L023_2011.06.06_155541_001_CKB.jpg","23"
"520","CONSISTEST_T001_L024_2011.06.06_155541_001_CKB.jpg","24"
"521","CONSISTEST_T001_L025_2011.06.06_155541_001_CKB.jpg","25"
"522","CONSISTEST_T001_L026_2011.06.06_155541_001_CKB.jpg","26"
"523","CONSISTEST_T001_L027_2011.06.06_155541_001_CKB.jpg","27"
"524","CONSISTEST_T001_L028_2011.06.06_155541_001_CKB.jpg","28"
"525","CONSISTEST_T001_L029_2011.06.06_155541_001_CKB.jpg","29"
"526","CONSISTEST_T001_L030_2011.06.06_155541_001_CKB.jpg","30"
"527","CONSISTEST_T001_L031_2011.06.06_155541_001_CKB.jpg","31"
"528","CONSISTEST_T001_L032_2011.06.06_155541_001_CKB.jpg","32"
"529","CONSISTEST_T001_L033_2011.06.06_155541_001_CKB.jpg","33"
"530","CONSISTEST_T001_L034_2011.06.06_155541_001_CKB.jpg","12"
"531","CONSISTEST_T001_L035_2011.06.06_155541_001_CKB.jpg","35"
"532","CONSISTEST_T001_L036_2011.06.06_155541_001_CKB.jpg","36"
"533","CONSISTEST_T001_L037_2011.06.06_155541_001_CKB.jpg","37"
"534","CONSISTEST_T001_L038_2011.06.06_155541_001_CKB.jpg","38"
"535","CONSISTEST_T001_L039_2011.06.06_155541_001_CKB.jpg","39"
"536","CONSISTEST_T001_L040_2011.06.06_155541_001_CKB.jpg","40"
"537","CONSISTEST_T001_L041_2011.06.06_155541_001_CKB.jpg","41"
"538","CONSISTEST_T001_L042_2011.06.06_155541_001_CKB.jpg","29"
"539","CONSISTEST_T001_L043_2011.06.06_155541_001_CKB.jpg","43"
"540","CONSISTEST_T001_L044_2011.06.06_155541_001_CKB.jpg","28"
"541","CONSISTEST_T001_L045_2011.06.06_155541_001_CKB.jpg","45"
"542","CONSISTEST_T001_L046_2011.06.06_155541_001_CKB.jpg","46"
"543","CONSISTEST_T001_L047_2011.06.06_155541_001_CKB.jpg","47"
"544","CONSISTEST_T001_L048_2011.06.06_155541_001_CKB.jpg","48"
"545","CONSISTEST_T001_L049_2011.06.06_155541_001_CKB.jpg","49"
"546","CONSISTEST_T001_L050_2011.06.06_155541_001_CKB.jpg","40"
"547","CONSISTEST_T001_L051_2011.06.06_155541_001_CKB.jpg","51"
"548","CONSISTEST_T001_L052_2011.06.06_155541_001_CKB.jpg","52"
"549","CONSISTEST_T001_L053_2011.06.06_155541_001_CKB.jpg","53"
"550","CONSISTEST_T001_L054_2011.06.06_155541_001_CKB.jpg","54"
"551","CONSISTEST_T001_L055_2011.06.06_155541_001_CKB.jpg","55"
"552","CONSISTEST_T001_L056_2011.06.06_155541_001_CKB.jpg","56"
"553","CONSISTEST_T001_L057_2011.06.06_155541_001_CKB.jpg","8"
"554","CONSISTEST_T001_L058_2011.06.06_155541_001_CKB.jpg","58"
"555","CONSISTEST_T001_L059_2011.06.06_155541_001_CKB.jpg","8"
"556","CONSISTEST_T001_L060_2011.06.06_155541_001_CKB.jpg","60"
"557","CONSISTEST_T001_L061_2011.06.06_155541_001_CKB.jpg","5"
"558","CONSISTEST_T001_L062_2011.06.06_155541_001_CKB.jpg","62"
"559","CONSISTEST_T001_L063_2011.06.06_155541_001_CKB.jpg","63"
"560","CONSISTEST_T001_L064_2011.06.06_155541_001_CKB.jpg","64"
"561","CONSISTEST_T001_L065_2011.06.06_155541_001_CKB.jpg","55"
"562","CONSISTEST_T001_L066_2011.06.06_155541_001_CKB.jpg","66"
"563","CONSISTEST_T001_L067_2011.06.06_155541_001_CKB.jpg","10"
"564","CONSISTEST_T001_L068_2011.06.06_155541_001_CKB.jpg","68"
"565","CONSISTEST_T001_L069_2011.06.06_155541_001_CKB.jpg","69"
"566","CONSISTEST_T001_L070_2011.06.06_155541_001_CKB.jpg","12"
"567","CONSISTEST_T001_L071_2011.06.06_155541_001_CKB.jpg","71"
"568","CONSISTEST_T001_L072_2011.06.06_155541_001_CKB.jpg","72"
"569","CONSISTEST_T001_L073_2011.06.06_155541_001_CKB.jpg","73"
"570","CONSISTEST_T001_L074_2011.06.06_155541_001_CKB.jpg","74"
"571","CONSISTEST_T001_L075_2011.06.06_155541_001_CKB.jpg","75"
"572","CONSISTEST_T001_L076_2011.06.06_155541_001_CKB.jpg","76"
"573","CONSISTEST_T001_L077_2011.06.06_155541_001_CKB.jpg","77"
"574","CONSISTEST_T001_L078_2011.06.06_155541_001_CKB.jpg","78"
"575","CONSISTEST_T001_L079_2011.06.06_155541_001_CKB.jpg","79"
"576","CONSISTEST_T001_L080_2011.06.06_155541_001_CKB.jpg","80"
"577","CONSISTEST_T001_L081_2011.06.06_155541_001_CKB.jpg","74"
"578","CONSISTEST_T001_L082_2011.06.06_155541_001_CKB.jpg","82"
"579","CONSISTEST_T001_L083_2011.06.06_155541_001_CKB.jpg","83"
"580","CONSISTEST_T001_L084_2011.06.06_155541_001_CKB.jpg","84"
"581","CONSISTEST_T001_L085_2011.06.06_155541_001_CKB.jpg","85"
"582","CONSISTEST_T001_L086_2011.06.06_155541_001_CKB.jpg","86"
"583","CONSISTEST_T001_L087_2011.06.06_155541_001_CKB.jpg","36"
"584","CONSISTEST_T001_L088_2011.06.06_155541_001_CKB.jpg","88"
"585","CONSISTEST_T001_L089_2011.06.06_155541_001_CKB.jpg","89"
"586","CONSISTEST_T001_L090_2011.06.06_155541_001_CKB.jpg","43"
"587","CONSISTEST_T001_L091_2011.06.06_155541_001_CKB.jpg","91"
"588","CONSISTEST_T001_L092_2011.06.06_155541_001_CKB.jpg","92"
"589","CONSISTEST_T001_L093_2011.06.06_155541_001_CKB.jpg","93"
"590","CONSISTEST_T001_L094_2011.06.06_155541_001_CKB.jpg","94"
"591","CONSISTEST_T001_L095_2011.06.06_155541_001_CKB.jpg","95"
"592","CONSISTEST_T001_L096_2011.06.06_155541_001_CKB.jpg","28"
"593","CONSISTEST_T001_L097_2011.06.06_155541_001_CKB.jpg","55"
"594","CONSISTEST_T001_L098_2011.06.06_155541_001_CKB.jpg","36"
"595","CONSISTEST_T001_L099_2011.06.06_155541_001_CKB.jpg","29"
"596","CONSISTEST_T001_L100_2011.06.06_155541_001_CKB.jpg","100"
"597","CONSISTEST_T002_L001_2011.06.06_155541_001_CKB.jpg","101"
"598","CONSISTEST_T002_L002_2011.06.06_155541_001_CKB.jpg","102"
"599","CONSISTEST_T002_L003_2011.06.06_155541_001_CKB.jpg","103"
"600","CONSISTEST_T002_L004_2011.06.06_155541_001_CKB.jpg","104"
"601","CONSISTEST_T002_L005_2011.06.06_155541_001_CKB.jpg","105"
"602","CONSISTEST_T002_L006_2011.06.06_155541_001_CKB.jpg","92"
"603","CONSISTEST_T002_L007_2011.06.06_155541_001_CKB.jpg","10"
"604","CONSISTEST_T002_L008_2011.06.06_155541_001_CKB.jpg","108"
"605","CONSISTEST_T002_L009_2011.06.06_155541_001_CKB.jpg","109"
"606","CONSISTEST_T002_L010_2011.06.06_155541_001_CKB.jpg","110"
"607","CONSISTEST_T002_L011_2011.06.06_155541_001_CKB.jpg","111"
"608","CONSISTEST_T002_L012_2011.06.06_155541_001_CKB.jpg","74"
"609","CONSISTEST_T002_L013_2011.06.06_155541_001_CKB.jpg","113"
"610","CONSISTEST_T002_L014_2011.06.06_155541_001_CKB.jpg","114"
"611","CONSISTEST_T002_L015_2011.06.06_155541_001_CKB.jpg","92"
"612","CONSISTEST_T002_L016_2011.06.06_155541_001_CKB.jpg","116"
"613","CONSISTEST_T002_L017_2011.06.06_155541_001_CKB.jpg","117"
"614","CONSISTEST_T002_L018_2011.06.06_155541_001_CKB.jpg","118"
"615","CONSISTEST_T002_L019_2011.06.06_155541_001_CKB.jpg","40"
"616","CONSISTEST_T002_L020_2011.06.06_155541_001_CKB.jpg","120"
"617","CONSISTEST_T002_L021_2011.06.06_155541_001_CKB.jpg","121"
"618","CONSISTEST_T002_L022_2011.06.06_155541_001_CKB.jpg","122"
"619","CONSISTEST_T002_L023_2011.06.06_155541_001_CKB.jpg","123"
"620","CONSISTEST_T002_L024_2011.06.06_155541_001_CKB.jpg","43"
